0x022aa8360ce42393d251185d9fdeebd6a43c6af7481ab9d90e9bd41d0ef05289,1702448785000
0x022aa8360ce42393d251185d9fdeebd6a43c6af7481ab9d90e9bd41d0ef05289,1702450403000
0x909d472210b4e0860cd165ba77ceac89276cb1e41d4aad1c26e1bdf81d49e90c,1702448793000
0x909d472210b4e0860cd165ba77ceac89276cb1e41d4aad1c26e1bdf81d49e90c,1702450403000
0xba761e5a49419027577675f4d44f9d60e6332a6f889ed0360e8b19e26ffe1765,1702448809000
0xba761e5a49419027577675f4d44f9d60e6332a6f889ed0360e8b19e26ffe1765,1702450403000
0xac19fd906a2bdaddc04419cd281833677d6ac377fbbdf5e2d8cb8100823e7be0,1702448805000
0xac19fd906a2bdaddc04419cd281833677d6ac377fbbdf5e2d8cb8100823e7be0,1702450403000
0xb7bda48793d03f7564d459070d7383f90cfcdd6724501821fc0fc6fd7e840cc9,1702448783000
0xb7bda48793d03f7564d459070d7383f90cfcdd6724501821fc0fc6fd7e840cc9,1702450403000
0xa10b3d2661fae0b1bc09de05a2167875d29bbffa411398f88f45a2630d217230,1702448781000
0xa10b3d2661fae0b1bc09de05a2167875d29bbffa411398f88f45a2630d217230,1702450403000
0xdaca4410c358fb8d7d6a77fc51da9825ef6c2bdda0979e0391a7d5f992db76cb,1702448795000
0xdaca4410c358fb8d7d6a77fc51da9825ef6c2bdda0979e0391a7d5f992db76cb,1702450403000
0x0fc1cbb7461d626b40b5001a309af1eff076d0069151e774597d85eeeaec56f1,1702448801000
0x0fc1cbb7461d626b40b5001a309af1eff076d0069151e774597d85eeeaec56f1,1702450403000
0x7d39891a7553a0dd699ab651f08c7042c87d4fe1afdab777ccb2bdad4c08095a,1702448785000
0x7d39891a7553a0dd699ab651f08c7042c87d4fe1afdab777ccb2bdad4c08095a,1702450403000
0xa1545f8a4451c1d66fdd64e9e14467e36c353b801c9185f27f55cb9614c4a8ec,1702448775000
0xa1545f8a4451c1d66fdd64e9e14467e36c353b801c9185f27f55cb9614c4a8ec,1702450403000
0x9eebb0d2559473c192ceb2200add8db6f0d1cbdaf623e49007ba24fd32247704,1702448773000
0x9eebb0d2559473c192ceb2200add8db6f0d1cbdaf623e49007ba24fd32247704,1702450403000
0xf610b01288f63b0b9403b6c155005dc114de426d58e533cb0fe7b3f0418d8fed,1702448811000
0xf610b01288f63b0b9403b6c155005dc114de426d58e533cb0fe7b3f0418d8fed,1702450403000
0x2b6b7b1ea8c8a234fe25b0ba2716b837468dd0710983ebe8068edadeeb264217,1702448779000
0x2b6b7b1ea8c8a234fe25b0ba2716b837468dd0710983ebe8068edadeeb264217,1702450403000
0x327a517533c701481769de375b40a4dd64ae4356e058768e2210deaa4699b84a,1702448777000
0x327a517533c701481769de375b40a4dd64ae4356e058768e2210deaa4699b84a,1702450403000
0x25ac8fd04888bb6abd3a412168d4461faa18efaa61acb226236133687e4ecc2f,1702448813000
0x25ac8fd04888bb6abd3a412168d4461faa18efaa61acb226236133687e4ecc2f,1702450403000
0xbc7bd064fbd1c105aef5423947ba69619633be6b1f9987dca6818f5fdc82e83f,1702448803000
0xbc7bd064fbd1c105aef5423947ba69619633be6b1f9987dca6818f5fdc82e83f,1702450403000
0xc628d53fb62e1042637786e36667d068113beb2477a77872794990b431c5c358,1702448781000
0xc628d53fb62e1042637786e36667d068113beb2477a77872794990b431c5c358,1702450403000
0x8db944dac9691fd8205bde96e73652327839b43bf26d18f51fbddf92ea0e6702,1702448803000
0x8db944dac9691fd8205bde96e73652327839b43bf26d18f51fbddf92ea0e6702,1702450403000
0xc6a531b1e441d054f3be88f97ca45f18ae6786cf06fa7d3314cfd9afffcf2547,1702448797000
0xc6a531b1e441d054f3be88f97ca45f18ae6786cf06fa7d3314cfd9afffcf2547,1702450403000
0x4c052acc7d147cfbbc7176855d70470ce078e57adaa195e4e70280e53aa1a410,1702448817000
0x4c052acc7d147cfbbc7176855d70470ce078e57adaa195e4e70280e53aa1a410,1702450403000
0x54e84d0dfd9d2a2bbda04d54e56e424d6890afb29e083f1a98520ade63bc8b63,1702448789000
0x54e84d0dfd9d2a2bbda04d54e56e424d6890afb29e083f1a98520ade63bc8b63,1702450403000
0x3d15b2ec148c7d84a440c9880fdfac850bde956f298e493d975a560a8e580d76,1702448795000
0x3d15b2ec148c7d84a440c9880fdfac850bde956f298e493d975a560a8e580d76,1702450403000
0x07577204e33acca477ca263cc64973608d1e93da28af46bc5e4a6ecb3c44ba6c,1702448805000
0x07577204e33acca477ca263cc64973608d1e93da28af46bc5e4a6ecb3c44ba6c,1702450403000
0xfea54d8a70b1d455a08eee55d9ba7bdc497f5c4151f4f592322ea116eda02ba8,1702448823000
0xfea54d8a70b1d455a08eee55d9ba7bdc497f5c4151f4f592322ea116eda02ba8,1702450403000
0x567771c3419b1e4f2741f8432a41fee80d9c46c37ce38a7edf4f0196571c267b,1702448825000
0x567771c3419b1e4f2741f8432a41fee80d9c46c37ce38a7edf4f0196571c267b,1702450403000
0x692359313aae7f86ef02e738019a672b11bb807398fc499838fb63be56abc264,1702448829000
0x692359313aae7f86ef02e738019a672b11bb807398fc499838fb63be56abc264,1702450403000
0x5560c740953a32d1e5980bc75291a15eec3dc77872e32c69db8269a2acb1e639,1702448815000
0x5560c740953a32d1e5980bc75291a15eec3dc77872e32c69db8269a2acb1e639,1702450403000
0xf270047392ba732f3d87f46514b1ba35ce43bca3eff85fff1db4a0e25255ce8e,1702448827000
0xf270047392ba732f3d87f46514b1ba35ce43bca3eff85fff1db4a0e25255ce8e,1702450403000
0x9a55e5d6c2d6e8cbcabb89178cae602bba8962002844ee435e34757dca3e9f1c,1702448787000
0x9a55e5d6c2d6e8cbcabb89178cae602bba8962002844ee435e34757dca3e9f1c,1702450403000
0x55e86e85dde344aa02627a3a2829bcce16d5e932e56a233e8632864b90f2b21e,1702448809000
0x55e86e85dde344aa02627a3a2829bcce16d5e932e56a233e8632864b90f2b21e,1702450403000
0x2f0c51c5272357008dbd726ed332e538884913947dc3003eb6f84a714eada6f8,1702448823000
0x2f0c51c5272357008dbd726ed332e538884913947dc3003eb6f84a714eada6f8,1702450403000
0xd05fe1a426c09455d266f7674b81553c13170fce503e8d7b4bdce3ff70493cd7,1702448789000
0xd05fe1a426c09455d266f7674b81553c13170fce503e8d7b4bdce3ff70493cd7,1702450403000
0x74bf97f523bdd8988eb3faeef427c974fa5f3b24ea3c452efc676c518cfdc7fa,1702448795000
0x74bf97f523bdd8988eb3faeef427c974fa5f3b24ea3c452efc676c518cfdc7fa,1702450403000
0xd1a0607ed4a5b8bd1924a57ebb911080db42e1dc73a6c0be985b6728a54e14c2,1702448829000
0xd1a0607ed4a5b8bd1924a57ebb911080db42e1dc73a6c0be985b6728a54e14c2,1702450403000
0xf25d7087b29168d4f7b4a6a11e4bbed06a93ea59e3b5bc025c4ebf761fec82e7,1702448811000
0xf25d7087b29168d4f7b4a6a11e4bbed06a93ea59e3b5bc025c4ebf761fec82e7,1702450403000
0x7a3335dca23a3bb50558b5ea522614ef6ae690f4abd2fc8a3207d25c6342afe6,1702448785000
0x7a3335dca23a3bb50558b5ea522614ef6ae690f4abd2fc8a3207d25c6342afe6,1702450403000
0xbcdff407f9113b2f99279e9944aecb1a882bca33a318a89523143a3488a1959b,1702448763000
0xbcdff407f9113b2f99279e9944aecb1a882bca33a318a89523143a3488a1959b,1702450403000
0xf81f0fc7011ddf1f2743e582fc3bb2f0fb466ce65f0e41288fbab479c78fad73,1702448795000
0xf81f0fc7011ddf1f2743e582fc3bb2f0fb466ce65f0e41288fbab479c78fad73,1702450403000
0xcce06af9c51251212fa427bbc31d44be9a43e9670cafa2232659bf865248894d,1702448797000
0xcce06af9c51251212fa427bbc31d44be9a43e9670cafa2232659bf865248894d,1702450403000
0x79dc5ef1a97a8fb6fa0a48d1a18db33044442b248051cd8920086b8d5f6e1a14,1702448823000
0x79dc5ef1a97a8fb6fa0a48d1a18db33044442b248051cd8920086b8d5f6e1a14,1702450403000
0x4824df9bc5e32c0eb1fe66f72045c6fa47b00bb9b0ba4e4326ec8d8fee8bf49d,1702448789000
0x4824df9bc5e32c0eb1fe66f72045c6fa47b00bb9b0ba4e4326ec8d8fee8bf49d,1702450403000
0x83226f18b5dae857be4757bf8643b2618923dc29a83a9d886c5a5c25a8af7462,1702448809000
0x83226f18b5dae857be4757bf8643b2618923dc29a83a9d886c5a5c25a8af7462,1702450403000
0x5285d6d161ffdc226430292d7a68c08349995b943cff2b77cffc37aeefd2f202,1702448781000
0x5285d6d161ffdc226430292d7a68c08349995b943cff2b77cffc37aeefd2f202,1702450403000
0xf33427bd4d24aca5da2a8a4f5e65972463b94f8d432c2a533024868d9079a09e,1702448783000
0xf33427bd4d24aca5da2a8a4f5e65972463b94f8d432c2a533024868d9079a09e,1702450403000
0x38a2096f6975c39212ab5742f17080e209d50edbd409054d877cbaf335cc2bc7,1702448783000
0x38a2096f6975c39212ab5742f17080e209d50edbd409054d877cbaf335cc2bc7,1702450403000
0x5c6cf93dc8f8db103819ff4e69705b8ed4a051b054ef71b63e1782580c441bfa,1702448793000
0x5c6cf93dc8f8db103819ff4e69705b8ed4a051b054ef71b63e1782580c441bfa,1702450403000
0xc044be2b7955f54424e3326200b35b3657b8d301f9b5d470e4759aab6780a0dd,1702448801000
0xc044be2b7955f54424e3326200b35b3657b8d301f9b5d470e4759aab6780a0dd,1702450403000
0xe0537db5593a98b3b80da3d34fd33b4f387534b8397d3c3e1a96923c061c768f,1702448803000
0xe0537db5593a98b3b80da3d34fd33b4f387534b8397d3c3e1a96923c061c768f,1702450403000
0x6f89b3b8281b60337a4b194656ac7e333f87daf40ae20fe29b8cd01fb624cb37,1702448779000
0x6f89b3b8281b60337a4b194656ac7e333f87daf40ae20fe29b8cd01fb624cb37,1702450403000
0x257a831c7811af5d48f85966a56a6da3afdaaead1a78524a0844dfab7c1dccc0,1702448815000
0x257a831c7811af5d48f85966a56a6da3afdaaead1a78524a0844dfab7c1dccc0,1702450403000
0xe70f59e54117ff0bd2282f9161363d1edf2bc843ba88191d0b01bba07aeeb8ec,1702448793000
0xe70f59e54117ff0bd2282f9161363d1edf2bc843ba88191d0b01bba07aeeb8ec,1702450403000
0x1b66db3b2594a6abfa317c606bf0396137027e67515017feaf52d0147822a6fe,1702448787000
0x1b66db3b2594a6abfa317c606bf0396137027e67515017feaf52d0147822a6fe,1702450403000
0xfbe840b25aa629516056e29c253f6318f801b72964fea54a1ba3bff2c8b51f11,1702448801000
0xfbe840b25aa629516056e29c253f6318f801b72964fea54a1ba3bff2c8b51f11,1702450403000
0x1bbd8d87a381101ee23e9f17b2e24655a31163b1f676962224a77f67df944726,1702448793000
0x1bbd8d87a381101ee23e9f17b2e24655a31163b1f676962224a77f67df944726,1702450403000
0xa6016f96d89d1d03d46bf1aa5946a8996e0934921f6b2e365ea75851c0416462,1702448775000
0xa6016f96d89d1d03d46bf1aa5946a8996e0934921f6b2e365ea75851c0416462,1702450403000
0xa8223a760173c94660d2eb9cfbd349ff87e41ca7b4177c2d3d3d13589d707803,1702448823000
0xa8223a760173c94660d2eb9cfbd349ff87e41ca7b4177c2d3d3d13589d707803,1702450403000
0x8081beb5b4c7d5995bda2d4da625524d746afe8c2298760779aa7cb89e1772d7,1702448781000
0x8081beb5b4c7d5995bda2d4da625524d746afe8c2298760779aa7cb89e1772d7,1702450403000
0x89037f110fd7f44fd01c32a1b7be46866237447d861eac0c56242e33430772cc,1702448787000
0x89037f110fd7f44fd01c32a1b7be46866237447d861eac0c56242e33430772cc,1702450403000
0xf900b9582865740c63727086a0cc31017f982320d0ecc44805b55c47a47768bc,1702448815000
0xf900b9582865740c63727086a0cc31017f982320d0ecc44805b55c47a47768bc,1702450403000
0x905224362c729fa01352b1ee7f8e25cae1ba748df8f7d8e018944ae5493c41b7,1702448809000
0x905224362c729fa01352b1ee7f8e25cae1ba748df8f7d8e018944ae5493c41b7,1702450403000
0xc33a922f0ff4268ed3c709a3ef1886df35a5ce9311c4d15f03195eee534766a3,1702448777000
0xc33a922f0ff4268ed3c709a3ef1886df35a5ce9311c4d15f03195eee534766a3,1702450403000
0xd6b3a56a025c82643167fe779258a63ed68162abe4f9684b7d18582adc15d069,1702448811000
0xd6b3a56a025c82643167fe779258a63ed68162abe4f9684b7d18582adc15d069,1702450403000
0xc5805ddf1bf2bfdfc6164b9fbfa5eeae31b9b09fa4900a62d6ba696b39ee9f3d,1702448819000
0xc5805ddf1bf2bfdfc6164b9fbfa5eeae31b9b09fa4900a62d6ba696b39ee9f3d,1702450403000
0x055f54a871514739de22e4e19e201f5b80c6051e5dba153f1ca69528683b0f35,1702448779000
0x055f54a871514739de22e4e19e201f5b80c6051e5dba153f1ca69528683b0f35,1702450403000
0x3c4a494240f93b70b414ffe0a7a3004a217aa81487ed852e5329c30d333f637c,1702448819000
0x3c4a494240f93b70b414ffe0a7a3004a217aa81487ed852e5329c30d333f637c,1702450403000
0x9f975943eb11480d81dedcff327eeb1fe5d1780cafc3b3797e5810133800a4b6,1702448779000
0x9f975943eb11480d81dedcff327eeb1fe5d1780cafc3b3797e5810133800a4b6,1702450403000
0xb9e2d64187f5b0dacfe5840683ca6420f58e6b3747dc1528fc61c922c25a7b88,1702448821000
0xb9e2d64187f5b0dacfe5840683ca6420f58e6b3747dc1528fc61c922c25a7b88,1702450403000
0xfe29dc8407c68ec8ec0194bf89773c138fd6d6b7fcfa359d511659163381a501,1702448803000
0xfe29dc8407c68ec8ec0194bf89773c138fd6d6b7fcfa359d511659163381a501,1702450403000
0x1d17c20b90f630153f117981616251d43235c773a9aae540be1b431e92cb65d5,1702448787000
0x1d17c20b90f630153f117981616251d43235c773a9aae540be1b431e92cb65d5,1702450403000
0xacae1d6c45a0b0aeb689d2d08a4b551dae79a5af9e6d1abd1ee479187a3c2764,1702448827000
0xacae1d6c45a0b0aeb689d2d08a4b551dae79a5af9e6d1abd1ee479187a3c2764,1702450403000
0x0a2ffb673db5641a98ba35e23393fc4973430aa5ce8343bfd150aaec2196d25f,1702448781000
0x0a2ffb673db5641a98ba35e23393fc4973430aa5ce8343bfd150aaec2196d25f,1702450403000
0x3b03cf502d73e6f158e8ca769b0eeacbf680bcc73ae5a3c8e305124ace498cd6,1702448805000
0x3b03cf502d73e6f158e8ca769b0eeacbf680bcc73ae5a3c8e305124ace498cd6,1702450403000
0x1cacefe423c19e5867a860fc30385b330e874f773ade14ccffdd54d5c1f91121,1702448781000
0x1cacefe423c19e5867a860fc30385b330e874f773ade14ccffdd54d5c1f91121,1702450403000
0xb2b090b161040836ab3bcf49da8d0469344af168fdd94000ab2f35f4eef3a265,1702448777000
0xb2b090b161040836ab3bcf49da8d0469344af168fdd94000ab2f35f4eef3a265,1702450403000
0x15c7101cdf7095e8e6f23161fcca7def152974be5d29f99235900d9b09e5223f,1702448771000
0x15c7101cdf7095e8e6f23161fcca7def152974be5d29f99235900d9b09e5223f,1702450403000
0xdef32a27b6bcb052b7d0a37c40cbe05cf15c14eda9572a01653e3d3c33fddd49,1702448805000
0xdef32a27b6bcb052b7d0a37c40cbe05cf15c14eda9572a01653e3d3c33fddd49,1702450403000
0xb51099f60ba845ce4d011c2d2f1714625452403676593719168f142c25bb6c53,1702448793000
0xb51099f60ba845ce4d011c2d2f1714625452403676593719168f142c25bb6c53,1702450403000
0xa6e006338305c2694607913dfd93fb5c00b83b0309ad0808120728955877b174,1702448797000
0xa6e006338305c2694607913dfd93fb5c00b83b0309ad0808120728955877b174,1702450403000
0x09577cd83d518af09b3b540307ac0097c515d4c30ed0c41399e039b318890517,1702448823000
0x09577cd83d518af09b3b540307ac0097c515d4c30ed0c41399e039b318890517,1702450403000
0xe624df7879b616a4e9ade0e68230e75f26a8e316b0118692e80b9bff8e925d84,1702448803000
0xe624df7879b616a4e9ade0e68230e75f26a8e316b0118692e80b9bff8e925d84,1702450403000
0x7864e1b266ddeeb3ca13f4809928e6c12d2eb1fedc8a0813230668e970354151,1702448819000
0x7864e1b266ddeeb3ca13f4809928e6c12d2eb1fedc8a0813230668e970354151,1702450403000
0xdbe250475dc7994750500f82c5cb0d23f74c5fdf7f3d795c5824cfe68adf6e49,1702448783000
0xdbe250475dc7994750500f82c5cb0d23f74c5fdf7f3d795c5824cfe68adf6e49,1702450403000
0x03df278d59b363d281a1ad471bbf7c513c71d6267859ecaa5f4c09f5278fec20,1702448775000
0x03df278d59b363d281a1ad471bbf7c513c71d6267859ecaa5f4c09f5278fec20,1702450403000
0xd027754510da31e51484f0a70fdf31aece171993303ff13caba50e7a29fde7ea,1702448773000
0xd027754510da31e51484f0a70fdf31aece171993303ff13caba50e7a29fde7ea,1702450403000
0xe09e24c7e934694bc51b66b0463edcb108aa5414cf09bf54498e6cd7b0163c63,1702448829000
0xe09e24c7e934694bc51b66b0463edcb108aa5414cf09bf54498e6cd7b0163c63,1702450403000
0x555417975e3eeba2ddaacdf760a2816f54a7466180772e696ae6e8f1f5d04eef,1702448783000
0x555417975e3eeba2ddaacdf760a2816f54a7466180772e696ae6e8f1f5d04eef,1702450403000
0xa3aec66d57a17046cc5fd8542b29aeb35cdd1760c61932b08142c8a750ccdb6b,1702448781000
0xa3aec66d57a17046cc5fd8542b29aeb35cdd1760c61932b08142c8a750ccdb6b,1702450403000
0xd73ffd980d43de17a279b4a80935bb0128e498aae581488cd562d531f617643b,1702448797000
0xd73ffd980d43de17a279b4a80935bb0128e498aae581488cd562d531f617643b,1702450403000
0xd0b37dd11da3df0bd6a86cd122f1b0576f5d8ac63aaa9e49dc35a82b10851f49,1702448789000
0xd0b37dd11da3df0bd6a86cd122f1b0576f5d8ac63aaa9e49dc35a82b10851f49,1702450403000
0xf9186e700d573dfdfc5305bc739e38a09e9e407f664191278c5927c00680f683,1702448785000
0xf9186e700d573dfdfc5305bc739e38a09e9e407f664191278c5927c00680f683,1702450403000
0x8a79520d234cbba0db24f05e62abf426e28d354b0f487f7ab57c51a1f21b6820,1702448803000
0x8a79520d234cbba0db24f05e62abf426e28d354b0f487f7ab57c51a1f21b6820,1702450403000
0x58b0f0a6123a5d3297185f675fd8309972338befbebf667a2273a7f53a33e0ea,1702448819000
0x58b0f0a6123a5d3297185f675fd8309972338befbebf667a2273a7f53a33e0ea,1702450403000
0x247421e3470c57c4f1c64dd43e7108b19482136cee0fd45d72552904bfe408e9,1702448783000
0x247421e3470c57c4f1c64dd43e7108b19482136cee0fd45d72552904bfe408e9,1702450403000
0x20b56e5628573b35fb52bb70c8b4aa42c666ffbf0d92ec7d887c41cba3e6c7b0,1702448783000
0x20b56e5628573b35fb52bb70c8b4aa42c666ffbf0d92ec7d887c41cba3e6c7b0,1702450403000
0xd307cb285841084b65a5a44cda04e9b29cf2dfa5eefe9a311f132962b5a3c577,1702448777000
0xd307cb285841084b65a5a44cda04e9b29cf2dfa5eefe9a311f132962b5a3c577,1702450403000
0x870e2df2e7e87b2d486838f8a1be964e95a1732c27583700456cf8779d219acd,1702448777000
0x870e2df2e7e87b2d486838f8a1be964e95a1732c27583700456cf8779d219acd,1702450403000
0xc3e3ecd9d4c00d8b508ec56494b4e4eb462f1bf87c8b0b440290175e05cd27bb,1702448795000
0xc3e3ecd9d4c00d8b508ec56494b4e4eb462f1bf87c8b0b440290175e05cd27bb,1702450403000
0x69119b5dc5d50fb6b95110fccd9af365702c42f99a547548fa3e6a4fbc4c4b92,1702448819000
0x69119b5dc5d50fb6b95110fccd9af365702c42f99a547548fa3e6a4fbc4c4b92,1702450403000
0x03ec75c46edb4e80df19a7087f800f22f3053f9940d99487e908bed88a4e864c,1702448793000
0x03ec75c46edb4e80df19a7087f800f22f3053f9940d99487e908bed88a4e864c,1702450403000
0x9c76b1838b64f13af80bd526525b821484a5c2192963ddce9ff401fc319d362e,1702448765000
0x9c76b1838b64f13af80bd526525b821484a5c2192963ddce9ff401fc319d362e,1702450403000
0x9dfd9257cfb36e4468d220448dd1d8b991207bc76060d1cbde98903998f5b94c,1702448811000
0x9dfd9257cfb36e4468d220448dd1d8b991207bc76060d1cbde98903998f5b94c,1702450403000
0x3948710ba409e4001fcdafca6b017f2918bc82346aaf48375070d276fa164247,1702448769000
0x3948710ba409e4001fcdafca6b017f2918bc82346aaf48375070d276fa164247,1702450403000
0xab40f7e875d33105e344e10d2dad8eb4a7b1dc28d6d2c9cb07c5fcdd6e10145d,1702448769000
0xab40f7e875d33105e344e10d2dad8eb4a7b1dc28d6d2c9cb07c5fcdd6e10145d,1702450403000
0x93bb903f8ab23abbe98d1dd5d10776b520ffcaf9af1ae84a81b3ff4befa364ac,1702448799000
0x93bb903f8ab23abbe98d1dd5d10776b520ffcaf9af1ae84a81b3ff4befa364ac,1702450403000
0x6c4b78681fbf182396869b4d397b7af1e9908ad9277b2c7d6f3d0e917b7e41f9,1702448767000
0x6c4b78681fbf182396869b4d397b7af1e9908ad9277b2c7d6f3d0e917b7e41f9,1702450403000
0x76f88b7a8112e160c12413b96f1b16e403bc1267f5bc6b97202523acf69a740a,1702448783000
0x76f88b7a8112e160c12413b96f1b16e403bc1267f5bc6b97202523acf69a740a,1702450403000
0x55c626196003bf1c3e6a87de45f0a012c72651675fcb928bd7d142b41f427a27,1702448809000
0x55c626196003bf1c3e6a87de45f0a012c72651675fcb928bd7d142b41f427a27,1702450403000
0xa1179379ece186de969618eb82c08c9fddee509f6ad45eaa67e1788e921cf721,1702448815000
0xa1179379ece186de969618eb82c08c9fddee509f6ad45eaa67e1788e921cf721,1702450403000
0x85afad2acb103d0bb3371f79b6e72966238fd36b27481e38ab2c98033cdf86a5,1702448783000
0x85afad2acb103d0bb3371f79b6e72966238fd36b27481e38ab2c98033cdf86a5,1702450403000
0x1ea9b2bb7ee3a6fa611208eb337e447d609cad64bbd6db7ccf594c4cad4cbc8d,1702448775000
0x1ea9b2bb7ee3a6fa611208eb337e447d609cad64bbd6db7ccf594c4cad4cbc8d,1702450403000
0x3c8f53c56fd96fa8cd911579070a305e361083dcc969c7eb4569082353f91a59,1702448803000
0x3c8f53c56fd96fa8cd911579070a305e361083dcc969c7eb4569082353f91a59,1702450403000
0x1fdf454921b4e6cefe4b0756e004541823e5b180c84c56963f713bc929c35b30,1702448821000
0x1fdf454921b4e6cefe4b0756e004541823e5b180c84c56963f713bc929c35b30,1702450403000
0x2165c46fd5c004d2183a1fb4616b6add541fc6a90efbeb36825ad377d1f6a818,1702448777000
0x2165c46fd5c004d2183a1fb4616b6add541fc6a90efbeb36825ad377d1f6a818,1702450403000
0xec16b13569bcf303c9072f4fa84301f3fef3526c28e1626ddf22dfcb840722dd,1702448813000
0xec16b13569bcf303c9072f4fa84301f3fef3526c28e1626ddf22dfcb840722dd,1702450403000
0xc5a085a3243a234c392111f4944bddead7abe6b5987b5e820355ae6c8ce88212,1702448801000
0xc5a085a3243a234c392111f4944bddead7abe6b5987b5e820355ae6c8ce88212,1702450403000
0x76c81eec701354dfa6fd64a4ae7ea1fe08a191f74202f2fd4031e917ee2d92db,1702448795000
0x76c81eec701354dfa6fd64a4ae7ea1fe08a191f74202f2fd4031e917ee2d92db,1702450403000
0x1ce5ee7baeecc6ccdb5083fc0395dd2d3c0769238c744b17f653d78bea528e39,1702448785000
0x1ce5ee7baeecc6ccdb5083fc0395dd2d3c0769238c744b17f653d78bea528e39,1702450403000
0x21ff82105a535d06a554b61b1c502f712b37f46b8bd5375ede6d522211c89aea,1702448829000
0x21ff82105a535d06a554b61b1c502f712b37f46b8bd5375ede6d522211c89aea,1702450403000
0xf8e4072dfa77a61f015bd6b9b1f714f7a72f975da905518f22e7c4c656338978,1702448819000
0xf8e4072dfa77a61f015bd6b9b1f714f7a72f975da905518f22e7c4c656338978,1702450403000
0x1777480c20b2e2d6d66ae5585028930cf334ab5da3381ad692744acbbc0f8dd1,1702448783000
0x1777480c20b2e2d6d66ae5585028930cf334ab5da3381ad692744acbbc0f8dd1,1702450403000
0x34d1b246a008cc0f1007227c077bd80e79fe5242af0ef2a73db41932222f637c,1702448787000
0x34d1b246a008cc0f1007227c077bd80e79fe5242af0ef2a73db41932222f637c,1702450403000
0xb2ae2032fc914055537f2346e8d8c9347e3e75606fcf24402a01d94d1a44b670,1702448769000
0xb2ae2032fc914055537f2346e8d8c9347e3e75606fcf24402a01d94d1a44b670,1702450403000
0x9245793bd4cdbc135c543230746b6e2ee4fda1b7a52d9ae72c44a1e0ceda1f26,1702448827000
0x9245793bd4cdbc135c543230746b6e2ee4fda1b7a52d9ae72c44a1e0ceda1f26,1702450403000
0x4ef82d7589795f51aa36903fab01d1d98302133b5ffbf86c9b9650ff03e2dd6e,1702448803000
0x4ef82d7589795f51aa36903fab01d1d98302133b5ffbf86c9b9650ff03e2dd6e,1702450403000
0xff8d176207ccb91f1882cb35fd66dc58a429b4c26a444df27d411c6e6b4f96e4,1702448777000
0xff8d176207ccb91f1882cb35fd66dc58a429b4c26a444df27d411c6e6b4f96e4,1702450403000
0x5e47739f80f09497ce57d819e28ed86c2fad27c1ff1d0d65a2b47a9fcd3c7db3,1702448767000
0x5e47739f80f09497ce57d819e28ed86c2fad27c1ff1d0d65a2b47a9fcd3c7db3,1702450403000
0x31b182bba096b70d493f00e0aa2208d19c51e475ba09e7250ce6f5353c416fe9,1702448769000
0x31b182bba096b70d493f00e0aa2208d19c51e475ba09e7250ce6f5353c416fe9,1702450403000
0xe4b11e538954466a7eb122acd6d7192cd67f50d9737ed1e14c7577017a04681d,1702448767000
0xe4b11e538954466a7eb122acd6d7192cd67f50d9737ed1e14c7577017a04681d,1702450403000
0x016556e53cd8eae927b15feb42f2699d00b46fb42705e6f94172c27616498f08,1702448827000
0x016556e53cd8eae927b15feb42f2699d00b46fb42705e6f94172c27616498f08,1702450403000
0x918a2b2b4f9f8de2fa142b628fada4eaf30d24bb326a677c2f5797960e6cb7f3,1702448783000
0x918a2b2b4f9f8de2fa142b628fada4eaf30d24bb326a677c2f5797960e6cb7f3,1702450403000
0x35221ea53ac9671c2b550daeb34a2e69385b50e786a0313af9cc57a3ed789241,1702448777000
0x35221ea53ac9671c2b550daeb34a2e69385b50e786a0313af9cc57a3ed789241,1702450403000
0x9d89b44b96f31df8fb6e384a2b3daf2af61d4c4c7e6b3cf1613599ff68eed4df,1702448781000
0x9d89b44b96f31df8fb6e384a2b3daf2af61d4c4c7e6b3cf1613599ff68eed4df,1702450403000
0x2e618e7b4ca3bfbd6b466982291b3a97a358baddbdaafb0fe7c78bbc25747907,1702448815000
0x2e618e7b4ca3bfbd6b466982291b3a97a358baddbdaafb0fe7c78bbc25747907,1702450403000
0xf830bdd66c4d055bc9b8241f006fccf382ae0cc5144e6d24e6cb805d5fe7fc4e,1702448787000
0xf830bdd66c4d055bc9b8241f006fccf382ae0cc5144e6d24e6cb805d5fe7fc4e,1702450403000
0x0b7ddf46b16bd908747dd4c031a315e8852eed9bc557d081d5d7df30f853b278,1702448815000
0x0b7ddf46b16bd908747dd4c031a315e8852eed9bc557d081d5d7df30f853b278,1702450403000
0x23ea362cced0a6856bc3cd93ebf26d14e237177543fe7dd775c091162ff8f160,1702448809000
0x23ea362cced0a6856bc3cd93ebf26d14e237177543fe7dd775c091162ff8f160,1702450403000
0x8e73e26a38bea7db2426beaf5e08fbadca0bbac27843b01f2e48fbabcf0842bb,1702448821000
0x8e73e26a38bea7db2426beaf5e08fbadca0bbac27843b01f2e48fbabcf0842bb,1702450403000
0xdd9db072ba60f167f1aada4ca9a6edc18868f315d336020e82e044052fe6d231,1702448787000
0xdd9db072ba60f167f1aada4ca9a6edc18868f315d336020e82e044052fe6d231,1702450403000
0xd4ebd4217fc12b8a87de4e329385b4385288ad0d628f7a55d9f235d64bb8987c,1702448793000
0xd4ebd4217fc12b8a87de4e329385b4385288ad0d628f7a55d9f235d64bb8987c,1702450403000
0x2e27262a139b87a2ebbde2a62178b2ce566e3b23ac7af964b60c74f1212fa127,1702448769000
0x2e27262a139b87a2ebbde2a62178b2ce566e3b23ac7af964b60c74f1212fa127,1702450403000
0x6097879e7b8e0efa92086242315a042d888b17a42614a91e70845908cd70c558,1702448797000
0x6097879e7b8e0efa92086242315a042d888b17a42614a91e70845908cd70c558,1702450403000
0xa914b9c7cbbb82d86bbf5da0ce535561ee386491f875ef12554687bbfe84d710,1702448801000
0xa914b9c7cbbb82d86bbf5da0ce535561ee386491f875ef12554687bbfe84d710,1702450403000
0xea319aec02a02c1409e1c3ed289723c00927997c808ef1841aefc4a5667c791a,1702448801000
0xea319aec02a02c1409e1c3ed289723c00927997c808ef1841aefc4a5667c791a,1702450403000
0xc48bd7d038644d42cc565b9a2e9ef5c70dc9fee0ba0cebbbd356e289cd5b6fa6,1702448777000
0xc48bd7d038644d42cc565b9a2e9ef5c70dc9fee0ba0cebbbd356e289cd5b6fa6,1702450403000
0x5628b65c7a7165de8370d715c2fa3ddfe990d6928a82d0d044b4e670ed116b42,1702448823000
0x5628b65c7a7165de8370d715c2fa3ddfe990d6928a82d0d044b4e670ed116b42,1702450403000
0x3bb02c7b355a5aec0b9942bd6e00c95de261a7a0cc2360bba25c7fc8255d4253,1702448801000
0x3bb02c7b355a5aec0b9942bd6e00c95de261a7a0cc2360bba25c7fc8255d4253,1702450403000
0xde3f14cc8bba8689464ba37613f8e1d967744bd3eb7589987ded340e81ff7a9c,1702448783000
0xde3f14cc8bba8689464ba37613f8e1d967744bd3eb7589987ded340e81ff7a9c,1702450403000
0x668ae220bdaa483d7c2983d6f4d5ffc18ae1dabcc0d036a1d39b770579cdebeb,1702448783000
0x668ae220bdaa483d7c2983d6f4d5ffc18ae1dabcc0d036a1d39b770579cdebeb,1702450403000
0x2002fabff11047a334a09edf3710c940b0a70c0d0fbb43df63331a426a7c7678,1702448787000
0x2002fabff11047a334a09edf3710c940b0a70c0d0fbb43df63331a426a7c7678,1702450403000
0xe447da5da040084329aba76b2b222668f52037de199a7b932d356e733af5e243,1702448793000
0xe447da5da040084329aba76b2b222668f52037de199a7b932d356e733af5e243,1702450403000
0x173d3f22ea4c07b986afb99689e7e258e398c44ce72d59fb5060a1c0073dcac4,1702448795000
0x173d3f22ea4c07b986afb99689e7e258e398c44ce72d59fb5060a1c0073dcac4,1702450403000
0xb5cc3d458f7b0d25d7bf25228103cddd8201aeca91440e13e96fbc16f01d60b5,1702448775000
0xb5cc3d458f7b0d25d7bf25228103cddd8201aeca91440e13e96fbc16f01d60b5,1702450403000
0x6053ff3065342d5366525c572594eebf7339e29185b66e136944ef58a7fdb273,1702448809000
0x6053ff3065342d5366525c572594eebf7339e29185b66e136944ef58a7fdb273,1702450403000
0x620d0891b5c471787d3a6892b8ee1269cd6f3cdd6ee902f4181f47f75ccfbe9d,1702448819000
0x620d0891b5c471787d3a6892b8ee1269cd6f3cdd6ee902f4181f47f75ccfbe9d,1702450403000
0xa3135abb13f219c00c8a5b5000818e4daf6b7669e2387255aac636ffff486dec,1702448775000
0xa3135abb13f219c00c8a5b5000818e4daf6b7669e2387255aac636ffff486dec,1702450403000
0xd8dfbf183ad0883627f58d11d345963e97f417f02c445c16351e6116482992f7,1702448779000
0xd8dfbf183ad0883627f58d11d345963e97f417f02c445c16351e6116482992f7,1702450403000
0x79c8c28537a702af1576f4c6c5bbeea291e9ce6ecb730213c5cdc94c4302e6b7,1702448775000
0x79c8c28537a702af1576f4c6c5bbeea291e9ce6ecb730213c5cdc94c4302e6b7,1702450403000
0xac87197b81dfd6c3a1136a998c244520ae5f74da27e4f190b4238d3852102d45,1702448815000
0xac87197b81dfd6c3a1136a998c244520ae5f74da27e4f190b4238d3852102d45,1702450403000
0x5ead13b5b249c48cc9f4fcbbbf0bf8e62253678c8a958ada695fd0f30db4ab35,1702448793000
0x5ead13b5b249c48cc9f4fcbbbf0bf8e62253678c8a958ada695fd0f30db4ab35,1702450403000
0x7f82aa6f0274967e27b3f436aa61086d0db0c9a48783b52a0c1109158f1b694a,1702448819000
0x7f82aa6f0274967e27b3f436aa61086d0db0c9a48783b52a0c1109158f1b694a,1702450403000
0x921fe553edeecd7b019a32492ea4755ef5fe4e08e439afc09dfd7b550ee83751,1702448809000
0x921fe553edeecd7b019a32492ea4755ef5fe4e08e439afc09dfd7b550ee83751,1702450403000
0xecb8b66c14372cd3461cbe542e74c9c3516a8ec68176322c46fbbb706c9b1a1e,1702448809000
0xecb8b66c14372cd3461cbe542e74c9c3516a8ec68176322c46fbbb706c9b1a1e,1702450403000
0x91a45ff84165b0354469ec657be9cbfbe9bc579bfab998959990c4ce22334a45,1702448769000
0x91a45ff84165b0354469ec657be9cbfbe9bc579bfab998959990c4ce22334a45,1702450403000
0xa780423899d49692deaadd9b4f5521ba456f014d955f88c76648237d6476b71b,1702448805000
0xa780423899d49692deaadd9b4f5521ba456f014d955f88c76648237d6476b71b,1702450403000
0xc3151cc397bb278aba0821e1ddf4244c870327f278e18ee604789556aa23a51c,1702448797000
0xc3151cc397bb278aba0821e1ddf4244c870327f278e18ee604789556aa23a51c,1702450403000
0x5431b80656bc695e42df4b2d11fb324610f212da07d03e730f55f482c0ae0e85,1702448783000
0x5431b80656bc695e42df4b2d11fb324610f212da07d03e730f55f482c0ae0e85,1702450403000
0x02df9430d06ae7f89e71f109006d0fb0088215efbdd705ae3340bd8dab11ee58,1702448819000
0x02df9430d06ae7f89e71f109006d0fb0088215efbdd705ae3340bd8dab11ee58,1702450403000
0x726ec93aa1cb24afdc16d0cfcf568cccf141be46140f3a156691b07ad1975a74,1702448805000
0x726ec93aa1cb24afdc16d0cfcf568cccf141be46140f3a156691b07ad1975a74,1702450403000
0x83cf74342f8453ff82919ad9603180a370e418c2b8bbca549d03a71c729c929d,1702448785000
0x83cf74342f8453ff82919ad9603180a370e418c2b8bbca549d03a71c729c929d,1702450403000
0x3429d379e9bd78fd5ddb652c06a956649f5bca47c8cb47e9e4604b96a3acd523,1702448763000
0x3429d379e9bd78fd5ddb652c06a956649f5bca47c8cb47e9e4604b96a3acd523,1702450403000
0xaff9d42699296e7535618a2a41a1d88029565ccc487dfb74f7e51f4ebf1d7bb5,1702448809000
0xaff9d42699296e7535618a2a41a1d88029565ccc487dfb74f7e51f4ebf1d7bb5,1702450403000
0x3846149c5701d2e71a16a2c7e3731d3cc0db320cb6882e3ef6c6ac2e2e77f2d2,1702448781000
0x3846149c5701d2e71a16a2c7e3731d3cc0db320cb6882e3ef6c6ac2e2e77f2d2,1702450403000
0xc146cd3b18a36a405cbad88cdb5f52e2fc0b998627b16f55d69c80fab28c262d,1702448771000
0xc146cd3b18a36a405cbad88cdb5f52e2fc0b998627b16f55d69c80fab28c262d,1702450403000
0x035c112927091993a132370659394357ab37cdd764ba8b0446c97c590c5951b6,1702448823000
0x035c112927091993a132370659394357ab37cdd764ba8b0446c97c590c5951b6,1702450403000
0xa2b350b849a98e8c0da3eb99341f78e5458d6160701f568c24dcfe4271721f57,1702448767000
0xa2b350b849a98e8c0da3eb99341f78e5458d6160701f568c24dcfe4271721f57,1702450403000
0x7f025490dd1e53dcab1702a9c222b776e46574aea37ff65bc91d1052966f66c6,1702448823000
0x7f025490dd1e53dcab1702a9c222b776e46574aea37ff65bc91d1052966f66c6,1702450403000
0xbd7aa356cd23ec8e0ffea642fbd3c996259f0df41e1e06fafe79b9d0806b1e39,1702448797000
0xbd7aa356cd23ec8e0ffea642fbd3c996259f0df41e1e06fafe79b9d0806b1e39,1702450403000
0x55e9b55016fa9486f3227a922ecd8d0995569bd77f573e0c953e3b6864d38516,1702448785000
0x55e9b55016fa9486f3227a922ecd8d0995569bd77f573e0c953e3b6864d38516,1702450403000
0xc6aa5dfd5561f7a02826d87fbd6049570c6b9c717501869d4963266c71459daa,1702448783000
0xc6aa5dfd5561f7a02826d87fbd6049570c6b9c717501869d4963266c71459daa,1702450403000
0x503074a4b6476feedc182e40426262a07dd18ac74fbda9c56e28626ca16ca2d5,1702448797000
0x503074a4b6476feedc182e40426262a07dd18ac74fbda9c56e28626ca16ca2d5,1702450403000
0xb7a594bc67e8f91e67e20d75de3a0cc948fb570902c377622182924d35207ea9,1702448793000
0xb7a594bc67e8f91e67e20d75de3a0cc948fb570902c377622182924d35207ea9,1702450403000
0xb6f5aed81030db3638d7dd114d2fcee2f952aaf0ad9837e69750ccb4a25be273,1702448795000
0xb6f5aed81030db3638d7dd114d2fcee2f952aaf0ad9837e69750ccb4a25be273,1702450403000
0x70bbf6dd3c092b60f64715e4cbd7a4ee16b6e3806299fed6214ae280b1b706db,1702448827000
0x70bbf6dd3c092b60f64715e4cbd7a4ee16b6e3806299fed6214ae280b1b706db,1702450403000
0xea950f427f6ddfe7d337a03e2e447ec636c44fa0bbac12f9a15133e6c77307aa,1702448785000
0xea950f427f6ddfe7d337a03e2e447ec636c44fa0bbac12f9a15133e6c77307aa,1702450403000
0x7f84d9ef4d4acc11d41c8aeef1ec20f9c7cd1f9284fbb99d840e67508b132adb,1702448801000
0x7f84d9ef4d4acc11d41c8aeef1ec20f9c7cd1f9284fbb99d840e67508b132adb,1702450403000
0x7c285ff770c467205c4d156cd8502d93ad2575ffbde995a30d8e78487f12e701,1702448819000
0x7c285ff770c467205c4d156cd8502d93ad2575ffbde995a30d8e78487f12e701,1702450403000
0xfb46bf089b2f62662e374c37d868a3576aa01998f2fd074c797438ebf03d407b,1702448809000
0xfb46bf089b2f62662e374c37d868a3576aa01998f2fd074c797438ebf03d407b,1702450403000
0x51eb10327cad6c418a835df714445447cb233ba9a49b8f665abe1d0698078adf,1702448823000
0x51eb10327cad6c418a835df714445447cb233ba9a49b8f665abe1d0698078adf,1702450403000
0x6bf9383cd7d6f7041aaf6f212156314ecac037048bc6c594d0de98e1048d350d,1702448809000
0x6bf9383cd7d6f7041aaf6f212156314ecac037048bc6c594d0de98e1048d350d,1702450403000
0xb32934f28858403a9f30d056f0d365f2dd95ae13d2e61ecce6b887955616171c,1702448811000
0xb32934f28858403a9f30d056f0d365f2dd95ae13d2e61ecce6b887955616171c,1702450403000
0x07e0d97e481fc4bf678328e9ff965a21ec3e543b843947e59c1253777ab0bf13,1702448777000
0x07e0d97e481fc4bf678328e9ff965a21ec3e543b843947e59c1253777ab0bf13,1702450403000
0xb5d112c1d24172bc1426b4b37c41d6c25bff3b187047a9f6c268df27a17d1baa,1702448767000
0xb5d112c1d24172bc1426b4b37c41d6c25bff3b187047a9f6c268df27a17d1baa,1702450403000
0x3e3d0105cd290538135c3f81550e45709101d0222042fe74ea2b91895688abde,1702448809000
0x3e3d0105cd290538135c3f81550e45709101d0222042fe74ea2b91895688abde,1702450403000
0x87e2c1bd9cf7e1eddb745a019e586ddea2e489e70654556c376ad0067aa1d82c,1702448797000
0x87e2c1bd9cf7e1eddb745a019e586ddea2e489e70654556c376ad0067aa1d82c,1702450403000
0x74a9ea7403cf2475930ec44910c99bf60fc9112f65e4120939138b9b445bdf1a,1702448811000
0x74a9ea7403cf2475930ec44910c99bf60fc9112f65e4120939138b9b445bdf1a,1702450403000
0x6eb6f2eaa8731f950d2c4b28cc943cd5f0406b15d3bc79e6ab8b7a0e0308c644,1702448813000
0x6eb6f2eaa8731f950d2c4b28cc943cd5f0406b15d3bc79e6ab8b7a0e0308c644,1702450403000
0x271713d3ae9daa7b43513bba1debce9b0dcc40ccedf57ba57b32c68c0a448018,1702448785000
0x271713d3ae9daa7b43513bba1debce9b0dcc40ccedf57ba57b32c68c0a448018,1702450403000
0xef55c2625d4ef3880a55a103cb711576eea5b3965e2b0f7bbaa8a6bfac56ee61,1702448819000
0xef55c2625d4ef3880a55a103cb711576eea5b3965e2b0f7bbaa8a6bfac56ee61,1702450403000
0xb5bf86b6f49708300f9ca87cabd5da23f0b142868438ea757531a924eb040d89,1702448813000
0xb5bf86b6f49708300f9ca87cabd5da23f0b142868438ea757531a924eb040d89,1702450403000
0xc5ba755b4a70f45bf60916878508eca5fea256e5a20d2f4b42363694f6765dea,1702448805000
0xc5ba755b4a70f45bf60916878508eca5fea256e5a20d2f4b42363694f6765dea,1702450403000
0x294ce9813ae2097ec759b83dc408cea9a58de121f17db07d532e93dd7038ba5a,1702448783000
0x294ce9813ae2097ec759b83dc408cea9a58de121f17db07d532e93dd7038ba5a,1702450403000
0x7c1347071518a6f7d2e304c0e71a82f0ed4d5a3fb7f03fb2446e69bc88ae6898,1702448819000
0x7c1347071518a6f7d2e304c0e71a82f0ed4d5a3fb7f03fb2446e69bc88ae6898,1702450403000
0xa11d253403d83956e2cd748e07f044c763e520089f9b4a543b026a7142436449,1702448801000
0xa11d253403d83956e2cd748e07f044c763e520089f9b4a543b026a7142436449,1702450403000
0x493bf31194583649a5e7aa117004d64af942c35388cdced12ca16e960e6d5f20,1702448789000
0x493bf31194583649a5e7aa117004d64af942c35388cdced12ca16e960e6d5f20,1702450403000
0xf531c19714081913a291f72d12e47b196adc757442cb45502437df2ee0b4293c,1702448781000
0xf531c19714081913a291f72d12e47b196adc757442cb45502437df2ee0b4293c,1702450403000
0xbeb3749b59af3d180d5c12ae095415072e2545e637f4c4e4b6f6896e6a78d949,1702448817000
0xbeb3749b59af3d180d5c12ae095415072e2545e637f4c4e4b6f6896e6a78d949,1702450403000
0x81babc87e064511203879231881fa1d092d3032b83da5b06ad0d1c2c300760c6,1702448767000
0x81babc87e064511203879231881fa1d092d3032b83da5b06ad0d1c2c300760c6,1702450403000
0x420c59fedb82d16ff40c96ee76ee88cb85c7e722b32971a8c46dfdcfdcda13bc,1702448803000
0x420c59fedb82d16ff40c96ee76ee88cb85c7e722b32971a8c46dfdcfdcda13bc,1702450403000
0x14325e80e8030cc633fbdf27d8dc99fdc65a606002650e38c30e050d04588b9c,1702448775000
0x14325e80e8030cc633fbdf27d8dc99fdc65a606002650e38c30e050d04588b9c,1702450403000
0xee2dcb5113c4145ca3b7983022e9b6cd5dc124d8b50e86c07937588805a13805,1702448801000
0xee2dcb5113c4145ca3b7983022e9b6cd5dc124d8b50e86c07937588805a13805,1702450403000
0x49ed89e62b47ed12c3d4015e3582dee4c354e8637998dc4e5067ca167a581682,1702448787000
0x49ed89e62b47ed12c3d4015e3582dee4c354e8637998dc4e5067ca167a581682,1702450403000
0xe8e0992fb91e80d5e4c26d6c937036ecf1f781ea35ecfb9d984a2cb2c2e28d19,1702448819000
0xe8e0992fb91e80d5e4c26d6c937036ecf1f781ea35ecfb9d984a2cb2c2e28d19,1702450403000
0x99aae7ea0e317567ee20574c449bbbdba8d462e9a4bcca921c556c9f0d16d013,1702448785000
0x99aae7ea0e317567ee20574c449bbbdba8d462e9a4bcca921c556c9f0d16d013,1702450403000
0xbdb3ef1220fecb9dfd61c077d6bb01279b69ee3347a64d5b01dc920d088bbeaf,1702448781000
0xbdb3ef1220fecb9dfd61c077d6bb01279b69ee3347a64d5b01dc920d088bbeaf,1702450403000
0x04b9115e7e4704ec01bbab85ce8c6610718388200a7af0718fcfb2f9a92fca94,1702448775000
0x04b9115e7e4704ec01bbab85ce8c6610718388200a7af0718fcfb2f9a92fca94,1702450403000
0x2db95a0c8354ebccc03ca36edbf86995aa01314f83dc7341dbdba1084771396d,1702448811000
0x2db95a0c8354ebccc03ca36edbf86995aa01314f83dc7341dbdba1084771396d,1702450403000
0x2ec21a41a6481c804d923fa046da2a91ab40c5a88b4a55f89b7d3cd5ef024f75,1702448823000
0x2ec21a41a6481c804d923fa046da2a91ab40c5a88b4a55f89b7d3cd5ef024f75,1702450403000
0x5d649292d25e3db2c59983bd28a49b06f82afc4ce06295bb15212a9072783197,1702448801000
0x5d649292d25e3db2c59983bd28a49b06f82afc4ce06295bb15212a9072783197,1702450403000
0xee85f025deee66190bd7bf8514de17d571359752816e3dad4d061eb6320ade9d,1702448803000
0xee85f025deee66190bd7bf8514de17d571359752816e3dad4d061eb6320ade9d,1702450403000
0x7394fa8aa2486c5a08d21fe63d5c9e557abff2fceebe3cd1ddf98fc79b35017e,1702448793000
0x7394fa8aa2486c5a08d21fe63d5c9e557abff2fceebe3cd1ddf98fc79b35017e,1702450403000
0xcfd3ac40b0c0576237b125fb7d3ef91ba84a00c20fd619a223a1b07690cda349,1702448787000
0xcfd3ac40b0c0576237b125fb7d3ef91ba84a00c20fd619a223a1b07690cda349,1702450403000
0x78d003fea1f455eec0be2a4a463326ff38168084742d731a71c8cd4baf599b64,1702448827000
0x78d003fea1f455eec0be2a4a463326ff38168084742d731a71c8cd4baf599b64,1702450403000
0xca3389db31b01a24686592dcd092d33f9004445df974a97579730b68505593d0,1702448793000
0xca3389db31b01a24686592dcd092d33f9004445df974a97579730b68505593d0,1702450403000
0x255d3572506963c39619f868bd89ce4c352f89c0854d8f8818dcfffff5995907,1702448827000
0x255d3572506963c39619f868bd89ce4c352f89c0854d8f8818dcfffff5995907,1702450403000
0xd3a1c36c8d3d1b21622a791bc72a4a8767b6162c01639f48f2f265f73cb22a00,1702448803000
0xd3a1c36c8d3d1b21622a791bc72a4a8767b6162c01639f48f2f265f73cb22a00,1702450403000
0x33a667f70445eb17ef716df1b85bbd59d9adff2b02eec107ed24ae2b7d61a651,1702448825000
0x33a667f70445eb17ef716df1b85bbd59d9adff2b02eec107ed24ae2b7d61a651,1702450403000
0x4230c3f76cb9752694d1f98bf361e47e60b2e1e722b4d868438367cce15ddbdf,1702448819000
0x4230c3f76cb9752694d1f98bf361e47e60b2e1e722b4d868438367cce15ddbdf,1702450403000
0xd5269ae1881e6a425ab00edb26f63aedc106f2da4031b0d1a9634a7c8dab0f37,1702448767000
0xd5269ae1881e6a425ab00edb26f63aedc106f2da4031b0d1a9634a7c8dab0f37,1702450403000
0x5adcf7eda180fb79edfea864361c458bb0450cc207fc25354dfe776f55ddeb18,1702448763000
0x5adcf7eda180fb79edfea864361c458bb0450cc207fc25354dfe776f55ddeb18,1702450403000
